{
  "propertyties": [
    {
      "PropertyType": "",
      "Propertyname": "",
      "Measurements": "",
      "Address": "",
      "id": 1
    },
    {
      "PropertyType": "apartment",
      "Propertyname": "msr",
      "Measurements": "1200",
      "Address": "hyd",
      "id": 2
    },
    {
      "PropertyType": "villa",
      "Propertyname": "lotus",
      "Measurements": "2000",
      "Address": "hyd",
      "id": 3
    },
    {
      "PropertyType": "house",
      "Propertyname": "vvsr",
      "Measurements": "20000",
      "Address": "hyd",
      "id": 4
    }
  ],
  "Propertyttype":[]
}